{"cameraMode":{"drawMode":0,"name":"Shaded","section":"Shading Mode"},"sceneLighting":false,"audioPlay":false,"sceneViewState":{"m_AlwaysRefresh":true,"showFog":true,"showSkybox":false,"showFlares":true,"showImageEffects":true,"showParticleSystems":true,"showVisualEffectGraphs":true,"m_FxEnabled":true},"in2DMode":false,"pivot":{"x":-14.801188468933106,"y":14.749340057373047,"z":0.10364651679992676},"rotation":{"x":0.12913958728313447,"y":-0.26432958245277407,"z":0.035748131573200229,"w":0.9550973773002625},"size":2.136000633239746,"orthographic":false}