{"cameraMode":{"drawMode":0,"name":"Shaded","section":"Shading Mode"},"sceneLighting":true,"audioPlay":false,"sceneViewState":{"m_AlwaysRefresh":true,"showFog":true,"showSkybox":true,"showFlares":true,"showImageEffects":true,"showParticleSystems":true,"showVisualEffectGraphs":true,"m_FxEnabled":true},"in2DMode":false,"pivot":{"x":-45.37629318237305,"y":6.803402900695801,"z":1.3863000869750977},"rotation":{"x":0.08608686923980713,"y":-0.06868782639503479,"z":0.005951084196567535,"w":0.9939146041870117},"size":1.0871810913085938,"orthographic":false}